{"cameraMode":{"drawMode":0,"name":"Shaded","section":"Shading Mode"},"sceneLighting":true,"audioPlay":false,"sceneViewState":{"m_AlwaysRefresh":false,"showFog":true,"showSkybox":true,"showFlares":true,"showImageEffects":true,"showParticleSystems":true,"showVisualEffectGraphs":true,"m_FxEnabled":true},"in2DMode":false,"pivot":{"x":1.303614616394043,"y":3.846527338027954,"z":-6.267344951629639},"rotation":{"x":0.0029261657036840917,"y":0.9960784912109375,"z":-0.08117114007472992,"w":0.03585593029856682},"size":5.76897668838501,"orthographic":false}